{
  "accuracy": 0.959409594095941,
  "precision_weighted": 0.9582914975871925,
  "recall_weighted": 0.959409594095941,
  "f1_weighted": 0.9579785670598261,
  "confusion_matrix": [
    [
      928,
      11
    ],
    [
      33,
      112
    ]
  ],
  "labels": [
    0,
    1
  ],
  "per_class": [
    {
      "label": 0,
      "precision": 0.9656607700312175,
      "recall": 0.9882854100106496,
      "f1": 0.9768421052631578,
      "support": 939
    },
    {
      "label": 1,
      "precision": 0.9105691056910569,
      "recall": 0.7724137931034483,
      "f1": 0.835820895522388,
      "support": 145
    }
  ]
}