{
  "accuracy": 0.9566420664206642,
  "precision_weighted": 0.9576820398310609,
  "recall_weighted": 0.9566420664206642,
  "f1_weighted": 0.9533532610636073
}